t_h,events,status,reason,qber,alert,detection,loss_db,misalignment,final_key_bits,net_key_bits,keys_delivered,auth_spent,pool_bits,bank_keys,served,refused,eve_known_key_bits,run_id,seed
0.0,,accepted,,0.00897,False,0.099965,2.0,0.01,26931,26550,103,381,4096,271,82,0,0,f5a0fe6fa70e,900
0.25,,accepted,,0.00799,False,0.099923,2.0,0.01,26787,26406,103,381,4096,291,83,0,0,ee8049832bc2,901
0.5,,accepted,,0.00979,False,0.100092,2.0,0.01,26436,26055,101,381,4096,310,82,0,0,3fedfe773d15,902
0.75,,accepted,,0.01057,False,0.100459,2.0,0.01,26255,25874,101,381,4096,328,83,0,0,5be1ad8c9bc3,903
1.0,,accepted,,0.00965,False,0.100017,2.0,0.01,26333,25952,101,381,4096,347,82,0,0,a77582a4cff9,904
1.25,,accepted,,0.00841,False,0.100095,2.0,0.01,26753,26372,103,381,4096,367,83,0,0,6068e983575e,905
1.5,,accepted,,0.01054,False,0.099997,2.0,0.01,26472,26091,101,381,4096,386,82,0,0,efc41ed4e739,906
1.75,,accepted,,0.00917,False,0.100225,2.0,0.01,26768,26387,103,381,4096,406,83,0,0,427b298af997,907
2.0,,accepted,,0.01003,False,0.099838,2.0,0.01,26488,26107,101,381,4096,425,82,0,0,1be0b99b289f,908
2.25,,accepted,,0.01148,False,0.100734,2.0,0.01,26178,25797,100,381,4096,442,83,0,0,356f14d30eda,909
2.5,,accepted,,0.01318,False,0.100089,2.0,0.01,25810,25429,99,381,4096,459,82,0,0,c4dcf5203be7,910
2.75,,accepted,,0.01035,False,0.100528,2.0,0.01,26341,25960,101,381,4096,477,83,0,0,52522f253695,911
3.0,polarization drift,accepted,,0.01638,False,0.100067,2.0,0.015,23630,23249,90,381,4096,485,82,0,0,6a033a0b47c7,912
3.25,polarization drift,accepted,,0.02189,False,0.100111,2.0,0.0225,19909,19528,76,381,4096,478,83,0,0,0503bf955d52,913
3.5,polarization drift,alert,,0.03051,True,0.100662,2.0,0.03,17286,16905,66,381,4096,462,82,0,0,a6b79f50eeda,914
3.75,polarization drift,alert,,0.03967,True,0.099898,2.0,0.0375,13055,12674,49,381,4096,428,83,0,0,ef0222cd65a5,915
4.0,polarization drift,alert,,0.0501,True,0.100139,2.0,0.045,9683,9302,36,381,4096,382,82,0,0,17c98f5d057e,916
4.25,polarization drift,alert,,0.05284,True,0.099797,2.0,0.0525,7790,7409,28,381,4096,327,83,0,0,7180dce22d48,917
4.5,polarization drift,alert,,0.0603,True,0.100231,2.0,0.06,5028,4647,18,381,4096,263,82,0,0,414bdeadc89f,918
4.75,polarization drift,alert,,0.06992,True,0.099726,2.0,0.0675,1640,1259,4,381,4096,184,83,0,0,09e91723b486,919
5.0,,accepted,,0.00777,False,0.100282,2.0,0.01,27196,26815,104,381,4096,206,82,0,0,3dfc32a059ca,920
5.25,,accepted,,0.01002,False,0.100032,2.0,0.01,26404,26023,101,381,4096,224,83,0,0,75731e213fc7,921
5.5,,accepted,,0.01186,False,0.100971,2.0,0.01,26152,25771,100,381,4096,242,82,0,0,4ae3d7be9348,922
5.75,,accepted,,0.01103,False,0.099703,2.0,0.01,26069,25688,100,381,4096,259,83,0,0,f58a6bcf661b,923
6.0,,accepted,,0.00918,False,0.099813,2.0,0.01,26762,26381,103,381,4096,280,82,0,0,c680e9ab2a95,924
6.25,,accepted,,0.01049,False,0.100031,2.0,0.01,26081,25700,100,381,4096,297,83,0,0,07ee2d53ea2c,925
6.5,,accepted,,0.01051,False,0.100406,2.0,0.01,26655,26274,102,381,4096,317,82,0,0,2cfc95a29cce,926
6.75,,accepted,,0.00942,False,0.100218,2.0,0.01,26240,25859,101,381,4096,335,83,0,0,ce711ef4f7ee,927
7.0,,accepted,,0.00685,False,0.100046,2.0,0.01,27082,26701,104,381,4096,357,82,0,0,3871d8415f9b,928
7.25,,accepted,,0.01134,False,0.100335,2.0,0.01,26378,25997,101,381,4096,375,83,0,0,15ef84e8711d,929
7.5,,accepted,,0.00937,False,0.100434,2.0,0.01,26776,26395,103,381,4096,396,82,0,0,17061fd2a438,930
7.75,,accepted,,0.01029,False,0.100503,2.0,0.01,26897,26516,103,381,4096,416,83,0,0,9f03bfde8020,931
8.0,partial interception,alert,,0.06414,True,0.099875,2.0,0.01,4374,3993,15,381,4096,349,82,0,4486,6bff909d1190,932
8.25,partial interception,alert,,0.05674,True,0.100234,2.0,0.01,6006,5625,21,381,4096,287,83,0,4598,4d53ce8c3905,933
8.5,partial interception,alert,,0.0586,True,0.100383,2.0,0.01,5347,4966,19,381,4096,224,82,0,4521,5495b25efee5,934
8.75,partial interception,alert,,0.05976,True,0.099934,2.0,0.01,5662,5281,20,381,4096,161,83,0,4468,b29a5faf975f,935
9.0,,accepted,,0.00835,False,0.100667,2.0,0.01,26791,26410,103,381,4096,182,82,0,0,b5aa2ecd165f,936
9.25,,accepted,,0.01097,False,0.100111,2.0,0.01,26396,26015,101,381,4096,200,83,0,0,d86e62c573e8,937
9.5,,accepted,,0.00935,False,0.1004,2.0,0.01,26539,26158,102,381,4096,220,82,0,0,54caf3786bcc,938
9.75,,accepted,,0.00963,False,0.100138,2.0,0.01,26383,26002,101,381,4096,238,83,0,0,6d2842c2e452,939
10.0,,accepted,,0.00956,False,0.099935,2.0,0.01,26567,26186,102,381,4096,258,82,0,0,d58c12f998d2,940
10.25,,accepted,,0.00874,False,0.1003,2.0,0.01,26718,26337,102,381,4096,277,83,0,0,d4888b5a5486,941
10.5,,accepted,,0.00762,False,0.099776,2.0,0.01,26829,26448,103,381,4096,298,82,0,0,0510dd86309b,942
10.75,,accepted,,0.01113,False,0.100362,2.0,0.01,26406,26025,101,381,4096,316,83,0,0,59176d4dfc36,943
11.0,,accepted,,0.00931,False,0.100649,2.0,0.01,26905,26524,103,381,4096,337,82,0,0,2907dee1fdef,944
11.25,,accepted,,0.01002,False,0.09968,2.0,0.01,26532,26151,102,381,4096,356,83,0,0,d6e3e892efd0,945
11.5,,accepted,,0.00977,False,0.100239,2.0,0.01,26682,26301,102,381,4096,376,82,0,0,b243d95a841f,946
11.75,,accepted,,0.01087,False,0.099993,2.0,0.01,25917,25536,99,381,4096,392,83,0,0,29960ff1d84c,947
12.0,fiber bend,degraded,,0.01022,False,0.01568,10.0,0.01,2291,1910,7,381,4096,317,82,0,0,8dad824a00d7,948
12.25,fiber bend,degraded,,0.01248,False,0.015928,10.0,0.01,2370,1989,7,381,4096,241,83,0,0,6e3722a14311,949
12.5,,accepted,,0.01072,False,0.100686,2.0,0.01,26641,26260,102,381,4096,261,82,0,0,269d271a4c92,950
12.75,,accepted,,0.01087,False,0.100475,2.0,0.01,26734,26353,102,381,4096,280,83,0,0,9912464b826a,951
13.0,,accepted,,0.01259,False,0.100304,2.0,0.01,25877,25496,99,381,4096,297,82,0,0,e2dd0daede8e,952
13.25,,accepted,,0.01012,False,0.100749,2.0,0.01,26790,26409,103,381,4096,317,83,0,0,7ca53069ba91,953
13.5,,accepted,,0.01091,False,0.10078,2.0,0.01,26603,26222,102,381,4096,337,82,0,0,94ee8a768a32,954
13.75,,accepted,,0.0105,False,0.100401,2.0,0.01,26618,26237,102,381,4096,356,83,0,0,4b494c07814a,955
14.0,full interception,rejected,qber,0.23935,True,0.100046,2.0,0.01,0,0,0,0,4096,274,82,0,22482,fa817b19e4e3,956
14.25,full interception,rejected,qber,0.25957,True,0.100246,2.0,0.01,0,0,0,0,4096,191,83,0,22658,8630f268c7ea,957
14.5,full interception,rejected,qber,0.26277,True,0.100592,2.0,0.01,0,0,0,0,4096,109,82,0,22807,56de6a5a76f2,958
14.75,full interception,rejected,qber,0.25778,True,0.100265,2.0,0.01,0,0,0,0,4096,26,83,0,22523,7f1aa48d754c,959
15.0,,accepted,,0.0102,False,0.099974,2.0,0.01,26415,26034,101,381,4096,45,82,0,0,47e5d8df1686,960
15.25,,accepted,,0.01033,False,0.100755,2.0,0.01,26487,26106,101,381,4096,63,83,0,0,6ed54deee6d3,961
15.5,,accepted,,0.00979,False,0.099982,2.0,0.01,26457,26076,101,381,4096,82,82,0,0,99297de1b712,962
15.75,,accepted,,0.00861,False,0.099846,2.0,0.01,26597,26216,102,381,4096,101,83,0,0,61c546715c9a,963
16.0,,accepted,,0.01274,False,0.100494,2.0,0.01,25991,25610,100,381,4096,119,82,0,0,798ab2f8778d,964
16.25,,accepted,,0.00741,False,0.10019,2.0,0.01,27012,26631,104,381,4096,140,83,0,0,b81f5a40ffa2,965
16.5,,accepted,,0.01176,False,0.100865,2.0,0.01,26056,25675,100,381,4096,158,82,0,0,6a961cb410a1,966
16.75,,accepted,,0.01339,False,0.100508,2.0,0.01,25530,25149,98,381,4096,173,83,0,0,562c0fe5e8ed,967
17.0,classical tampering,rejected,auth,0.0118,False,0.10005,2.0,0.01,26019,0,0,381,3715,91,82,0,0,fe9c59eb175e,968
17.25,,accepted,,0.01199,False,0.099851,2.0,0.01,25898,25517,98,381,4096,106,83,0,0,fc58fd7b8715,969
17.5,,accepted,,0.0096,False,0.100355,2.0,0.01,26624,26243,102,381,4096,126,82,0,0,9a5174317ff8,970
17.75,,accepted,,0.01032,False,0.100737,2.0,0.01,26578,26197,102,381,4096,145,83,0,0,be71e513c45c,971
18.0,,accepted,,0.01037,False,0.100102,2.0,0.01,26626,26245,102,381,4096,165,82,0,0,7a5c5fd8e4e5,972
18.25,,accepted,,0.00698,False,0.100193,2.0,0.01,27139,26758,104,381,4096,186,83,0,0,1a50f066fb0e,973
18.5,,accepted,,0.01032,False,0.100457,2.0,0.01,26699,26318,102,381,4096,206,82,0,0,45c926cb4f76,974
18.75,,accepted,,0.01074,False,0.100272,2.0,0.01,26423,26042,101,381,4096,224,83,0,0,3083c69463fc,975
19.0,fiber cut,rejected,insufficient,,False,0.0,62.0,0.01,0,0,0,0,4096,142,82,0,0,455c3e001376,976
19.25,fiber cut,rejected,insufficient,,False,2e-06,62.0,0.01,0,0,0,0,4096,59,83,0,0,86864c9e6601,977
19.5,fiber cut,rejected,insufficient,,False,0.0,62.0,0.01,0,0,0,0,4096,0,59,23,0,f076536bf214,978
19.75,fiber cut,rejected,insufficient,,False,1e-06,62.0,0.01,0,0,0,0,4096,0,0,83,0,e84d3fbefb24,979
20.0,,accepted,,0.01082,False,0.099999,2.0,0.01,25891,25510,99,381,4096,17,82,0,0,27dedaf978f4,980
20.25,,accepted,,0.00968,False,0.10073,2.0,0.01,26748,26367,102,381,4096,36,83,0,0,e26372e55760,981
20.5,,accepted,,0.01074,False,0.100406,2.0,0.01,26266,25885,101,381,4096,55,82,0,0,86ed1074a822,982
20.75,,accepted,,0.0117,False,0.100533,2.0,0.01,26010,25629,100,381,4096,72,83,0,0,c53243934ab3,983
21.0,,accepted,,0.00834,False,0.100499,2.0,0.01,26949,26568,103,381,4096,93,82,0,0,8bfbb0d5fdd1,984
21.25,,accepted,,0.00884,False,0.099968,2.0,0.01,26637,26256,102,381,4096,112,83,0,0,9ec70c1564cb,985
21.5,,accepted,,0.01015,False,0.100644,2.0,0.01,26602,26221,102,381,4096,132,82,0,0,65e0e29a9f1b,986
21.75,,accepted,,0.01122,False,0.099959,2.0,0.01,26115,25734,100,381,4096,149,83,0,0,3b31b4664f65,987
22.0,,accepted,,0.01082,False,0.099989,2.0,0.01,26397,26016,101,381,4096,168,82,0,0,19ba01addb4f,988
22.25,,accepted,,0.01055,False,0.100704,2.0,0.01,26405,26024,101,381,4096,186,83,0,0,9fb88cedd21d,989
22.5,,accepted,,0.01119,False,0.100394,2.0,0.01,26312,25931,101,381,4096,205,82,0,0,3d549bb45133,990
22.75,,accepted,,0.00958,False,0.100166,2.0,0.01,26654,26273,102,381,4096,224,83,0,0,336391a9c767,991
23.0,,accepted,,0.0096,False,0.099879,2.0,0.01,26570,26189,102,381,4096,244,82,0,0,4b22bdb9e79d,992
23.25,,accepted,,0.01197,False,0.100518,2.0,0.01,25999,25618,100,381,4096,261,83,0,0,271c5bbe8457,993
23.5,,accepted,,0.01099,False,0.10017,2.0,0.01,26215,25834,100,381,4096,279,82,0,0,1a8bb700f560,994
23.75,,accepted,,0.00877,False,0.100768,2.0,0.01,26735,26354,102,381,4096,298,83,0,0,1d81eb1df262,995
