need,need_text,capability,module,test,evidence,status
SN-01,Feasible for one developer with limited resources,open-source Python model; one command per scenario; all scenarios in about 25 s on one core; a $40-120 Tier 1 bench with its software twin,qll/link/run.py,tests/test_two_site_link.py::test_cli,evidence/README.md,met in simulation
SN-02,Share quantum-state information between Site A and Site B,"BB84 states prepared at Site A, transmitted through the fiber model, measured at Site B",qll/link/site_a.py,tests/test_two_site_link.py::test_ideal_session_gives_identical_keys_and_the_accounted_length,evidence/sessions/1_baseline.csv,met for prepare-and-measure states; teleportation of arbitrary states is future work (repository flagship F1)
SN-03,Identify evidence of interception before affected key is used,error-rate estimate with alert and abort thresholds; Cascade verification; authenticated classical channel; privacy amplification,qll/link/protocol_bb84.py,tests/test_two_site_link.py::test_decisions,evidence/plots/baseline_vs_adversary.svg,met in simulation for intercept-resend and message tampering
SN-04,Continuous visibility into status and security conditions,"per-session metrics, status, alert flag, time-ordered events, per-run summary",qll/link/monitor.py,tests/test_two_site_link.py::test_ideal_session_gives_identical_keys_and_the_accounted_length,evidence/example_run,met per session; a live dashboard is future work
SN-05,Confidentiality not resting solely on computational difficulty,BB84 key with privacy amplification; one-time-pad option discussed,qll/link/protocol_bb84.py,tests/test_two_site_link.py::test_decisions,evidence/plots/amplification_vs_adversary.svg,partially: the classical channel uses HMAC (computational); Wegman-Carter authentication is required for full information-theoretic security
SN-06,Show how performance changes with distance and loss,distance and inserted-loss sweeps; block-size sensitivity; closed-form curves,qll/link/scenarios.py,tests/test_two_site_link.py::test_every_validation_check_passes,evidence/plots/key_vs_distance.svg,met in simulation
SN-07,Verifiable and reproducible evidence,run identifier from the configuration hash; seeded random streams; logged configurations; validation against closed forms; committed evidence checked by a test; experiment logs run through the same protocol code,qll/link/logger.py,tests/test_two_site_link.py::test_committed_evidence_is_reproduced_by_a_fresh_run,evidence/sessions,met
SN-08,Feasible within academic time and resources,NumPy only for physics; no large framework; a hardware ladder whose first two tiers cost under $500 together,qll/link/config.py,tests/test_two_site_link.py::test_config_validates_and_identifies_runs,10_real_world_experiments.md,met in simulation
SN-09,Supporting cryptography follows recognized standards,AES-256-GCM (NIST SP 800-38D); HMAC-SHA256 (FIPS 198-1); key-delivery interface after ETSI GS QKD 014; random-number requirement stated (NIST SP 800-90A),qll/link/demo_app.py,tests/test_two_site_link.py::test_demo_application_uses_only_accepted_key_and_fails_closed,09_limitations_and_hardware.md,met for the primitives used; the simulation's seeded generator is not a cryptographic source
SN-10,No unacceptable hazards in operation and storage,"simulation has none; per-tier hazards and controls (laser class, invisible infrared, fiber shards, detector bias)",systems/see510/09_limitations_and_hardware.md,tests/test_two_site_link.py::test_docs_cover_every_input_and_need,10_real_world_experiments.md,addressed for the hardware plan
SN-11,Equipment requirements defined for component selection,every hardware-facing input maps to a datasheet parameter and a measurement; tier presets and parts lists with planning prices,qll/link/hardware_log.py,tests/test_two_site_link.py::test_tier_presets_are_valid_and_predict_a_key,hardware/tier3.json,addressed
SN-12,Authorized external systems can use the output,key stores deliver only accepted key to authorized applications; demonstration encrypts and decrypts,qll/link/key_store.py,tests/test_two_site_link.py::test_key_delivery_interface_and_new_sites,evidence/README.md,met in simulation
SN-13,Add sites with low effort and no redesign,per-peer key stores; a second link A-C leaves A-B untouched; protocol and channels are per-link components,qll/link/key_store.py,tests/test_two_site_link.py::test_key_delivery_interface_and_new_sites,01_architecture.md,met in simulation for key management; multi-node routing is future work
SN-14,Coexist with existing fiber infrastructure,cross-talk click probability as background from co-propagating classical light; Tier 2 measures cross-talk from classical traffic in a wavelength-multiplexed fiber,qll/link/config.py,tests/test_two_site_link.py::test_crosstalk_acts_as_background,10_real_world_experiments.md,partially: a constant background only; Raman scattering is not modelled
SN-15,Consistent interfaces for external systems,"status, get_key, and get_key_with_ids after ETSI GS QKD 014; one configuration schema; CSV and JSON outputs",qll/link/key_store.py,tests/test_two_site_link.py::test_key_delivery_interface_and_new_sites,04_inputs_and_outputs.md,met in simulation
