run_id,scenario,protocol,seed,distance_km,channel_loss_db,channel_transmittance,adversary,states_sent,states_detected,detection_probability,sifted_bits,sample_bits,sample_errors,qber_estimate,qber_upper_bound,qber_true,key_block_bits,ec_leaked_bits,ec_corrected_bits,residual_errors_before_verify,source_model,gain_signal,gain_decoy,gain_vacuum,single_photon_fraction,e1_upper,y1_lower,decoy_gain_deviation_sd,naive_key_bits,alert,verified,accepted,reject_reason,final_key_bits,secret_key_rate_bps,auth_mode,auth_bits_consumed,auth_bits_refilled,net_key_bits,key_delivered_bits,net_key_rate_bps,forgery_probability,keys_delivered_256,classical_messages,classical_bytes,eve_touched,eve_known_key_bits,pa_removed_bits,execution_time_s,timestamp_utc
9e4bcb029a9d,3_interception,"BB84 (ideal single-photon source, prepare and measure)",11,0.0,0.0,1.0,none,1000000,158319,0.158319,79373,7938,90,0.011337868480725623,0.04942140746634531,0.010293172741360412,71435,6625,727,0,single_photon,0.0,0.0,0.0,1.0,0.04942140746634531,nan,0.0,0,False,True,True,,44396,44396.0,wegman_carter,381,381,44015,44015,44015.0,4.843271824257989e-34,0,4548,1231526,0,0,27039,0.3630749060000653,2026-10-05T18:34:42+00:00
49e5b86302d9,3_interception,"BB84 (ideal single-photon source, prepare and measure)",12,0.0,0.0,1.0,none,1000000,158881,0.158881,79457,7946,81,0.010193808205386358,0.04825817118828696,0.009904728343632405,71511,6412,706,0,single_photon,0.0,0.0,0.0,1.0,0.04825817118828696,nan,0.0,0,False,True,True,,45020,45020.0,wegman_carter,381,381,44639,44639,44639.0,4.8607279153677e-34,0,4566,1235965,0,0,26491,0.3663831400001527,2026-10-05T18:34:42+00:00
27fe8ea2b2b0,3_interception,"BB84 (ideal single-photon source, prepare and measure)",13,0.0,0.0,1.0,none,1000000,159380,0.15938,79923,7993,65,0.008132115601151008,0.04608440159464412,0.00944659234513219,71930,6209,690,0,single_photon,0.0,0.0,0.0,1.0,0.04608440159464412,nan,0.0,0,False,True,True,,46203,46203.0,wegman_carter,381,381,45822,45822,45822.0,4.913801485307326e-34,0,4728,1249345,0,0,25727,0.3511826500000552,2026-10-05T18:34:42+00:00
e428b2865315,3_interception,"BB84 (ideal single-photon source, prepare and measure)",11,0.0,0.0,1.0,intercept-resend on 5 % of pulses,1000000,158319,0.158319,79373,7938,175,0.02204585537918871,0.0601293943648084,0.02227457699721568,71435,12495,1593,0,single_photon,0.0,0.0,0.0,1.0,0.0601293943648084,nan,0.0,0,False,True,True,,35381,35381.0,wegman_carter,381,381,35000,35000,35000.0,5.834507435588883e-34,0,8453,1480587,49743,1844,36054,0.49809229400011645,2026-10-05T18:34:43+00:00
4541195e3178,3_interception,"BB84 (ideal single-photon source, prepare and measure)",12,0.0,0.0,1.0,intercept-resend on 5 % of pulses,1000000,158881,0.158881,79457,7946,178,0.022401208155046565,0.06046557113794716,0.02202449123425249,71511,12369,1572,0,single_photon,0.0,0.0,0.0,1.0,0.06046557113794716,nan,0.0,0,False,True,True,,35463,35463.0,wegman_carter,381,381,35082,35082,35082.0,5.814171383319657e-34,0,8324,1475531,49930,1830,36048,0.4688602759999867,2026-10-05T18:34:43+00:00
b322eba8c9b8,3_interception,"BB84 (ideal single-photon source, prepare and measure)",13,0.0,0.0,1.0,intercept-resend on 5 % of pulses,1000000,159380,0.15938,79923,7993,165,0.020643062679844865,0.05859534867333798,0.021257960787257734,71930,12142,1534,0,single_photon,0.0,0.0,0.0,1.0,0.05859534867333798,nan,0.0,0,False,True,True,,36507,36507.0,wegman_carter,381,381,36126,36126,36126.0,5.821870871317543e-34,0,8306,1477513,50040,1769,35423,0.43715725399988514,2026-10-05T18:34:44+00:00
bace8512babe,3_interception,"BB84 (ideal single-photon source, prepare and measure)",11,0.0,0.0,1.0,intercept-resend on 10 % of pulses,1000000,158319,0.158319,79373,7938,273,0.03439153439153439,0.07247507337715409,0.03360084663550578,71435,17580,2394,0,single_photon,0.0,0.0,0.0,1.0,0.07247507337715409,nan,0.0,0,True,True,True,,26929,26929.0,wegman_carter,381,381,26548,26548,26548.0,6.536630211335035e-34,0,11219,1657013,99650,3580,44506,0.6052484929998627,2026-10-05T18:34:44+00:00
66c6fcac3841,3_interception,"BB84 (ideal single-photon source, prepare and measure)",12,0.0,0.0,1.0,intercept-resend on 10 % of pulses,1000000,158881,0.158881,79457,7946,275,0.03460860810470677,0.07267297108760737,0.033577910064563225,71511,17596,2393,0,single_photon,0.0,0.0,0.0,1.0,0.07267297108760737,nan,0.0,0,True,True,True,,26909,26909.0,wegman_carter,381,381,26528,26528,26528.0,6.551617764308019e-34,0,11228,1660829,100102,3612,44602,0.49097290099985,2026-10-05T18:34:45+00:00
b23aa1dbc4d5,3_interception,"BB84 (ideal single-photon source, prepare and measure)",13,0.0,0.0,1.0,intercept-resend on 10 % of pulses,1000000,159380,0.15938,79923,7993,276,0.03453021393719505,0.07248249993068817,0.033719955457127485,71930,17869,2419,0,single_photon,0.0,0.0,0.0,1.0,0.07248249993068817,nan,0.0,0,True,True,True,,26948,26948.0,wegman_carter,381,381,26567,26567,26567.0,6.623675568013426e-34,0,11463,1678992,100283,3534,44982,0.5036548010000388,2026-10-05T18:34:45+00:00
dce210d57feb,3_interception,"BB84 (ideal single-photon source, prepare and measure)",11,0.0,0.0,1.0,intercept-resend on 25 % of pulses,1000000,158319,0.158319,79373,7938,547,0.0689090450995213,0.10699258408514098,0.07017499653534577,71435,31216,5023,0,single_photon,0.0,0.0,0.0,1.0,0.10699258408514098,nan,0.0,0,True,True,True,,5029,5029.0,wegman_carter,381,381,4648,4648,4648.0,8.524861356315852e-34,0,19056,2156600,250168,9062,66406,0.7156899280000744,2026-10-05T18:34:46+00:00
d26219be89e9,3_interception,"BB84 (ideal single-photon source, prepare and measure)",12,0.0,0.0,1.0,intercept-resend on 25 % of pulses,1000000,158881,0.158881,79457,7946,546,0.06871381827334508,0.10677818125624568,0.07100695973923002,71511,31462,5096,0,single_photon,0.0,0.0,0.0,1.0,0.10677818125624568,nan,0.0,0,True,True,True,,4869,4869.0,wegman_carter,381,381,4488,4488,4488.0,8.597095484173882e-34,0,19290,2174807,250081,8851,66642,0.6453906149999966,2026-10-05T18:34:46+00:00
9fd7f05e15ba,3_interception,"BB84 (ideal single-photon source, prepare and measure)",13,0.0,0.0,1.0,intercept-resend on 25 % of pulses,1000000,159380,0.15938,79923,7993,569,0.07118728887776804,0.10913957487126116,0.07083067452422957,71930,31979,5092,0,single_photon,0.0,0.0,0.0,1.0,0.10913957487126116,nan,0.0,0,True,True,True,,4048,4048.0,wegman_carter,381,381,3667,3667,3667.0,8.412660420529865e-34,0,18509,2128508,250351,8881,67882,0.7544317250001313,2026-10-05T18:34:47+00:00
9da088965cc5,3_interception,"BB84 (ideal single-photon source, prepare and measure)",11,0.0,0.0,1.0,intercept-resend on 50 % of pulses,1000000,158319,0.158319,79373,7938,1036,0.13051146384479717,0.16859500283041687,0.13100172602774243,71435,0,0,0,single_photon,0.0,0.0,0.0,1.0,0.16859500283041687,nan,0.0,0,True,False,False,qber,0,0.0,wegman_carter,0,0,0,0,0.0,0.0,0,7,942493,500295,17992,0,0.06149187400023948,2026-10-05T18:34:48+00:00
d261c6431722,3_interception,"BB84 (ideal single-photon source, prepare and measure)",12,0.0,0.0,1.0,intercept-resend on 50 % of pulses,1000000,158881,0.158881,79457,7946,1048,0.13189025924993708,0.1699546222328377,0.13316636671407175,71511,0,0,0,single_photon,0.0,0.0,0.0,1.0,0.1699546222328377,nan,0.0,0,True,False,False,qber,0,0.0,wegman_carter,0,0,0,0,0.0,0.0,0,7,945737,499783,17773,0,0.06270614000004571,2026-10-05T18:34:48+00:00
fe87988287c9,3_interception,"BB84 (ideal single-photon source, prepare and measure)",13,0.0,0.0,1.0,intercept-resend on 50 % of pulses,1000000,159380,0.15938,79923,7993,1066,0.1333666958588765,0.17131898185236963,0.13138896187580545,71930,0,0,0,single_photon,0.0,0.0,0.0,1.0,0.17131898185236963,nan,0.0,0,True,False,False,qber,0,0.0,wegman_carter,0,0,0,0,0.0,0.0,0,7,948825,499922,18033,0,0.06435172400006195,2026-10-05T18:34:48+00:00
afbbf8f89a29,3_interception,"BB84 (ideal single-photon source, prepare and measure)",11,0.0,0.0,1.0,intercept-resend on 100 % of pulses,1000000,158319,0.158319,79373,7938,2055,0.25888133030990174,0.2969648692955214,0.25446940395348544,71435,0,0,0,single_photon,0.0,0.0,0.0,1.0,0.2969648692955214,nan,0.0,0,True,False,False,qber,0,0.0,wegman_carter,0,0,0,0,0.0,0.0,0,7,942493,1000000,35707,0,0.05427586599989809,2026-10-05T18:34:48+00:00
8c2a75c09a4c,3_interception,"BB84 (ideal single-photon source, prepare and measure)",12,0.0,0.0,1.0,intercept-resend on 100 % of pulses,1000000,158881,0.158881,79457,7946,1988,0.2501887742260257,0.2882531372089263,0.25603785695407577,71511,0,0,0,single_photon,0.0,0.0,0.0,1.0,0.2882531372089263,nan,0.0,0,True,False,False,qber,0,0.0,wegman_carter,0,0,0,0,0.0,0.0,0,7,945737,1000000,35607,0,0.055154185999981564,2026-10-05T18:34:48+00:00
791380f120e1,3_interception,"BB84 (ideal single-photon source, prepare and measure)",13,0.0,0.0,1.0,intercept-resend on 100 % of pulses,1000000,159380,0.15938,79923,7993,2061,0.2578506192918804,0.2958029052853735,0.2531686748495427,71930,0,0,0,single_photon,0.0,0.0,0.0,1.0,0.2958029052853735,nan,0.0,0,True,False,False,qber,0,0.0,wegman_carter,0,0,0,0,0.0,0.0,0,7,948825,1000000,36130,0,0.05430515499983812,2026-10-05T18:34:48+00:00
3774702d3adc,3_classical_tampering,"BB84 (ideal single-photon source, prepare and measure)",11,0.0,0.0,1.0,none,1000000,158319,0.158319,79373,7938,90,0.011337868480725623,0.04942140746634531,0.010293172741360412,71435,6625,727,0,single_photon,0.0,0.0,0.0,1.0,0.04942140746634531,nan,0.0,0,False,True,False,auth,44396,44396.0,wegman_carter,381,0,0,0,0.0,4.843389373693071e-34,0,4548,1231554,0,0,27039,0.31045320900011575,2026-10-05T18:34:48+00:00
