run_id,scenario,protocol,seed,distance_km,channel_loss_db,channel_transmittance,adversary,states_sent,states_detected,detection_probability,sifted_bits,sample_bits,sample_errors,qber_estimate,qber_upper_bound,qber_true,key_block_bits,ec_leaked_bits,ec_corrected_bits,residual_errors_before_verify,alert,verified,accepted,reject_reason,final_key_bits,secret_key_rate_bps,keys_delivered_256,classical_messages,classical_bytes,eve_touched,eve_known_key_bits,pa_removed_bits,execution_time_s,timestamp_utc
87a4357d0c97,5_noise_vs_adversary,"BB84 (ideal single-photon source, prepare and measure)",11,0.0,0.0,1.0,none,1000000,158319,0.158319,79373,7938,0,0.0,0.03808353898561969,1.259874264548398e-05,71435,927,1,0,False,True,True,,53702,53702.0,0,24,944301,0,0,17733,0.09838338400004432,2026-10-01T05:40:19+00:00
815a98fa6dec,5_noise_vs_adversary,"BB84 (ideal single-photon source, prepare and measure)",11,0.0,0.0,1.0,none,1000000,158319,0.158319,79373,7938,166,0.02091206853111615,0.05899560751673584,0.01990601337986469,71435,11472,1414,0,False,True,True,,36727,36727.0,0,7660,1675242,0,0,34708,0.3590610909998304,2026-10-01T05:40:19+00:00
0783b1d653d0,5_noise_vs_adversary,"BB84 (ideal single-photon source, prepare and measure)",11,0.0,0.0,1.0,intercept-resend on 4.08163 % of pulses,1000000,158319,0.158319,79373,7938,161,0.020282186948853614,0.058365725934473305,0.02009499451954695,71435,11532,1434,0,False,True,True,,36847,36847.0,0,7825,1691116,40584,1477,34588,0.40730605499993544,2026-10-01T05:40:20+00:00
ecc94f6ab6d8,5_noise_vs_adversary,"BB84 (ideal single-photon source, prepare and measure)",11,0.0,0.0,1.0,none,1000000,158319,0.158319,79373,7938,328,0.041320231796422274,0.07940377078204197,0.03992541544353873,71435,20077,2841,0,True,True,True,,22648,22648.0,0,12650,2153086,0,0,48787,0.453371013999913,2026-10-01T05:40:20+00:00
db0ce02203c6,5_noise_vs_adversary,"BB84 (ideal single-photon source, prepare and measure)",11,0.0,0.0,1.0,intercept-resend on 12.2449 % of pulses,1000000,158319,0.158319,79373,7938,314,0.03955656336608718,0.07764010235170687,0.03953485442152873,71435,19980,2824,0,True,True,True,,23192,23192.0,0,12553,2143923,122223,4404,48243,0.5338561619998927,2026-10-01T05:40:20+00:00
1ab5d92ec925,5_noise_vs_adversary,"BB84 (ideal single-photon source, prepare and measure)",11,0.0,0.0,1.0,none,1000000,158319,0.158319,79373,7938,494,0.062232300327538424,0.10031583931315811,0.060700742065941816,71435,28023,4324,0,True,True,True,,9707,9707.0,0,16876,2557653,0,0,61728,0.5654403920000277,2026-10-01T05:40:21+00:00
29dc05f2e76b,5_noise_vs_adversary,"BB84 (ideal single-photon source, prepare and measure)",11,0.0,0.0,1.0,intercept-resend on 20.4082 % of pulses,1000000,158319,0.158319,79373,7938,451,0.056815318720080624,0.0948988577057003,0.05865974575737341,71435,27127,4205,0,True,True,True,,11845,11845.0,0,16840,2554506,204142,7405,59590,0.6335407240001132,2026-10-01T05:40:22+00:00
a06decb10cf0,5_noise_vs_adversary,"BB84 (ideal single-photon source, prepare and measure)",11,0.0,0.0,1.0,none,1000000,158319,0.158319,79373,7938,652,0.08213655832703452,0.1202200973126542,0.08026658939437845,71435,34521,5719,0,True,True,False,no_key,0,0.0,0,19652,2824123,0,0,0,0.6319347460000699,2026-10-01T05:40:22+00:00
2996820a2684,5_noise_vs_adversary,"BB84 (ideal single-photon source, prepare and measure)",11,0.0,0.0,1.0,intercept-resend on 28.5714 % of pulses,1000000,158319,0.158319,79373,7938,602,0.07583774250440917,0.11392128149002886,0.07857835787988358,71435,33978,5635,0,True,True,True,,778,778.0,0,20600,2914304,285975,10317,70657,0.7163720330001979,2026-10-01T05:40:23+00:00
a05346d5aef9,5_noise_vs_adversary,"BB84 (ideal single-photon source, prepare and measure)",11,0.0,0.0,1.0,none,1000000,158319,0.158319,79373,7938,823,0.10367850844041321,0.1417620474260329,0.10092852733297217,71435,41205,7188,0,True,True,False,no_key,0,0.0,0,22085,3057429,0,0,0,0.7685261639999226,2026-10-01T05:40:24+00:00
4b4d189d6efc,5_noise_vs_adversary,"BB84 (ideal single-photon source, prepare and measure)",11,0.0,0.0,1.0,intercept-resend on 36.7347 % of pulses,1000000,158319,0.158319,79373,7938,809,0.10191484001007811,0.1399983789956978,0.09922769707583183,71435,40828,7067,0,True,True,False,no_key,0,0.0,0,21708,3020944,367365,13222,0,0.7936400579999372,2026-10-01T05:40:24+00:00
170a5a774126,5_noise_vs_adversary,"BB84 (ideal single-photon source, prepare and measure)",11,0.0,0.0,1.0,none,1000000,158319,0.158319,79373,7938,969,0.12207105064247921,0.1601545896280989,0.12097312688193718,71435,0,0,0,True,False,False,qber,0,0.0,0,7,942717,0,0,0,0.07776755200006846,2026-10-01T05:40:25+00:00
ccd40453b52c,5_noise_vs_adversary,"BB84 (ideal single-photon source, prepare and measure)",11,0.0,0.0,1.0,intercept-resend on 44.898 % of pulses,1000000,158319,0.158319,79373,7938,958,0.12068531116150163,0.15876885014712133,0.11908331548511458,71435,0,0,0,True,False,False,qber,0,0.0,0,7,942717,449184,16140,0,0.07851524900002005,2026-10-01T05:40:25+00:00
72ad0870be69,5_noise_vs_adversary,"BB84 (ideal single-photon source, prepare and measure)",11,0.0,0.0,1.0,none,1000000,158319,0.158319,79373,7938,1202,0.15142353237591333,0.18950707136153302,0.14977385256951356,71435,0,0,0,True,False,False,qber,0,0.0,0,7,942717,0,0,0,0.05993180400014353,2026-10-01T05:40:25+00:00
d47ce1e5a525,5_noise_vs_adversary,"BB84 (ideal single-photon source, prepare and measure)",11,0.0,0.0,1.0,intercept-resend on 57.1429 % of pulses,1000000,158319,0.158319,79373,7938,1180,0.14865205341395818,0.18673559239957788,0.14882894687110226,71435,0,0,0,True,False,False,qber,0,0.0,0,7,942717,571630,20524,0,0.0877236129999801,2026-10-01T05:40:25+00:00
