fiber,distance_m,filter_nm,signal,dark
smf,0.3,10.0,1.9894543521505257e-13,0.0
smf,0.5,10.0,2.052256124909697e-13,0.0
smf,0.8,10.0,2.0407597800485328e-13,0.0
smf,1.2,10.0,1.8920085332595554e-13,0.0
smf,0.5,3.0,5.774707240900867e-14,0.0
smf,0.5,10.0,1.9934885549153682e-13,0.0
smf,0.5,40.0,7.934357765499485e-13,0.0
mmf,0.3,10.0,1.419660812119364e-10,0.0
mmf,0.5,10.0,1.419764824444353e-10,0.0
mmf,0.8,10.0,1.4734970194571946e-10,0.0
mmf,1.2,10.0,1.3821810998729618e-10,0.0
mmf,0.5,3.0,4.208834414487668e-11,0.0
mmf,0.5,10.0,1.471374690119887e-10,0.0
mmf,0.5,40.0,5.727617851613585e-10,0.0
