phase_deg,signal,dark
0,2.6800636491568377e-08,1e-12
10,2.589381127357419e-08,1e-12
20,2.5371480826076287e-08,1e-12
30,2.3568987156560355e-08,1e-12
40,2.1387174632383632e-08,1e-12
50,1.8819934044377215e-08,1e-12
60,1.6354381650460963e-08,1e-12
70,1.329929077642702e-08,1e-12
80,1.0854691713493607e-08,1e-12
90,8.374578950498035e-09,1e-12
100,6.35281593395181e-09,1e-12
110,4.416685691085906e-09,1e-12
120,2.879318830005713e-09,1e-12
130,1.7080770521631038e-09,1e-12
140,9.093509112848768e-10,1e-12
150,3.9465063759501656e-10,1e-12
