fiber,theta_rad,signal,dark
smf,0.0,1.0132612674475252,0.0
smf,2e-05,0.9692096028102257,0.0
smf,7.272727272727271e-05,0.7331364732507267,0.0
smf,0.00012545454545454543,0.4401560240245729,0.0
smf,0.00017818181818181816,0.19014792194596447,0.0
smf,0.00023090909090909086,0.059830286493831986,0.0
smf,0.00028363636363636357,0.014617941388553381,0.0
smf,0.0003363636363636363,0.004734424788504372,0.0
smf,0.00038909090909090903,0.0030052650187887466,0.0
smf,0.00044181818181818173,0.0020880235799870498,0.0
smf,0.0004945454545454544,0.0014946189134277014,0.0
smf,0.0005472727272727272,0.001101585277512354,0.0
smf,0.0006,0.0008268881961664634,0.0
smf,0.001,0.00018257756163627553,0.0
smf,0.0015,5.441506861841209e-05,0.0
smf,0.002,2.269909359621096e-05,0.0
smf,0.0025,1.1358858128382567e-05,0.0
smf,0.003,6.780563566727455e-06,0.0
smf,0.005,2.969913598891977e-06,0.0
smf,0.007924465962305569,3.0527496370972796e-06,0.0
smf,0.012559432157547895,2.935692754987353e-06,0.0
smf,0.019905358527674864,3.054868032187727e-06,0.0
smf,0.03154786722400966,2.998796192723071e-06,0.0
smf,0.05,2.9250750665799352e-06,0.0
mmf,0.0,0.993722010560663,0.0
mmf,2e-05,1.0010820455754308,0.0
mmf,7.272727272727271e-05,1.0054558267832892,0.0
mmf,0.00012545454545454543,0.9803562375011804,0.0
mmf,0.00017818181818181816,0.9778525390566961,0.0
mmf,0.00023090909090909086,1.0039916906569417,0.0
mmf,0.00028363636363636357,0.990665007662404,0.0
mmf,0.0003363636363636363,1.0047101122346045,0.0
mmf,0.00038909090909090903,1.0151903904495676,0.0
mmf,0.00044181818181818173,0.9670242526729811,0.0
mmf,0.0004945454545454544,1.0050877623303522,0.0
mmf,0.0005472727272727272,1.0244929393507147,0.0
mmf,0.0006,0.9940494631125906,0.0
mmf,0.001,0.9837837083352486,0.0
mmf,0.0015,1.0150448765435918,0.0
mmf,0.002,1.005068930324163,0.0
mmf,0.0025,0.015645564317469406,0.0
mmf,0.003,0.0004658217288257044,0.0
mmf,0.005,8.631163766640784e-06,0.0
mmf,0.007924465962305569,2.993399354117325e-06,0.0
mmf,0.012559432157547895,2.9732503108193264e-06,0.0
mmf,0.019905358527674864,3.0465194293228543e-06,0.0
mmf,0.03154786722400966,3.0116179709026295e-06,0.0
mmf,0.05,2.902149046053894e-06,0.0
