step,extra_od,signal,background,right,wrong,seconds
0,1.2263913564558628,815624.9358897846,34664.44164527416,1212700,62734,5.0
1,1.2594213657040922,755893.2821151956,34664.44164527416,1125907,59929,5.0
2,1.2912651075105515,702452.1463432573,34664.44164527416,1048602,57072,5.0
3,1.3218149490534579,654737.0273608547,34664.44164527416,978704,55398,5.0
4,1.3509290569314778,612283.8359793269,34664.44164527416,916668,53754,5.0
5,1.3784430492228652,574696.8306905265,34664.44164527416,862368,51673,5.0
6,1.4041851860337586,541622.459912547,34664.44164527416,813988,50442,5.0
7,1.4279817255478484,512743.45540005015,34664.44164527416,772093,49018,5.0
8,1.44966340937394,487773.7694531169,34664.44164527416,735883,47774,5.0
9,1.4690656277580336,466461.9501113457,34664.44164527416,704450,47239,5.0
10,1.4860352430714632,448586.92216123,34664.44164527416,679232,45645,5.0
11,1.5004198097703323,433972.3317110786,34664.44164527416,657632,45323,5.0
12,1.5120741719772715,422481.4833998684,34664.44164527416,640961,44757,5.0
13,1.5208509285943,414029.153576591,34664.44164527416,628475,44565,5.0
14,inf,0.0,34664.44164527416,0,0,5.0
15,1.5291712866155813,406172.5455118474,34664.44164527416,617215,44040,5.0
16,1.5283960696057375,406898.2122432061,34664.44164527416,618237,44106,5.0
17,1.524098076673074,410945.0699683172,34664.44164527416,623864,44550,5.0
18,1.5160878694083482,418594.94739447586,34664.44164527416,634884,45005,5.0
19,1.5041589293013438,430252.0240150788,34664.44164527416,652201,45173,5.0
20,1.4880872704039116,446472.363057992,34664.44164527416,675942,45763,5.0
21,1.4676311193326725,468005.2576132698,34664.44164527416,707384,46620,5.0
22,1.442531739477322,495849.765134318,34664.44164527416,747242,48529,5.0
23,1.4125093962410995,531339.9310889011,34664.44164527416,799097,49909,5.0
24,1.3772700782110245,576251.1075732735,34664.44164527416,864671,51702,5.0
25,1.3364990285633582,632969.5568156712,34664.44164527416,946698,54752,5.0
26,1.289866123799103,704718.5891809659,34664.44164527416,1051684,57390,5.0
27,1.2370204195015282,795905.364364376,34664.44164527416,1184188,61666,5.0
28,1.1775896616265478,912624.6391107907,34664.44164527416,1354021,66912,5.0
29,1.1111794912919197,1063413.9668945007,34664.44164527416,1573504,73613,5.0
30,1.0373715676016677,1260405.4829055993,34664.44164527416,1859878,82726,5.0
31,0.9557307129653246,1521076.7859890193,34664.44164527416,2239200,94411,5.0
32,0.8658280342319536,1870913.9667889215,34664.44164527416,2747925,110442,5.0
33,0.7673023556128054,2347358.8972478854,34664.44164527416,3441010,132025,5.0
34,0.6600016050446322,3005247.5120995017,34664.44164527416,4399377,160490,5.0
35,0.544291950948934,3922743.4000950637,34664.44164527416,5733647,202464,5.0
36,0.42169507449151183,5202196.790901935,34664.44164527416,7595096,260195,5.0
37,0.29609800368860395,6946784.836742093,34664.44164527416,10133748,338425,5.0
38,0.1756793974532766,9166477.01718729,34664.44164527416,13362763,438949,5.0
39,0.07469830046315586,11566009.664829979,34664.44164527416,16855725,545286,5.0
40,0.011673614521204828,13372365.45028901,34664.44164527416,19483312,627232,5.0
41,-0.0,13736682.213776495,34664.44164527416,20013781,643238,5.0
42,0.037404190455253394,12603108.087134318,34664.44164527416,18363135,593523,5.0
43,0.10830064955109159,10704865.173716417,34664.44164527416,15601752,507542,5.0
44,0.19555185408113385,8756488.814744972,34664.44164527416,12767084,419645,5.0
45,0.2874916806691107,7085820.89487364,34664.44164527416,10336323,344405,5.0
46,0.3780870023570093,5751681.765469824,34664.44164527416,8394644,284875,5.0
47,0.46486749551153556,4709928.950504791,34664.44164527416,6878092,238798,5.0
48,0.5471834243250357,3896713.059402383,34664.44164527416,5695912,201154,5.0
49,0.6251812533425531,3256121.4705111957,34664.44164527416,4764079,172099,5.0
50,0.6992787966652807,2745383.7242042245,34664.44164527416,4020465,149607,5.0
51,0.7699152848771106,2333278.4312639465,34664.44164527416,3420699,131215,5.0
52,0.837445382050931,1997268.5768904788,34664.44164527416,2931783,116116,5.0
53,0.9021057518386064,1720981.0945078805,34664.44164527416,2529497,103971,5.0
54,0.9640173978152091,1492328.5702478627,34664.44164527416,2197412,93077,5.0
55,1.0232059596582592,1302194.60484809,34664.44164527416,1920802,84486,5.0
56,1.0796278395047787,1143546.9814025736,34664.44164527416,1689893,77424,5.0
57,1.1331978721651557,1010843.6312001871,34664.44164527416,1496849,71413,5.0
58,1.1838109286716263,899644.4864032441,34664.44164527416,1335129,66334,5.0
59,1.2313592224915464,806348.2149077415,34664.44164527416,1199023,62495,5.0
